<?xml version = '1.0' encoding = 'UTF-8'?>
<Diagram class="oracle.dbtools.crest.swingui.relational.DPVRelational" name="Relational_2" id="92C0D9FF-F5A4-6AF7-C352-A6DD2D7CA8BD">
<createdBy>Nikos</createdBy>
<modifiedBy>Nikos</modifiedBy>
<createdTime>2018-08-04 16:36:55 UTC</createdTime>
<autoRoute>false</autoRoute>
<boxInbox>true</boxInbox>
<showLegend>false</showLegend>
<showLabels>false</showLabels>
<showRelAttributes>false</showRelAttributes>
<gridEnabled>false</gridEnabled>
<showGrid>false</showGrid>
<diagramColor>-1</diagramColor>
<display>false</display>
<notation>1</notation>
<objectViews>
<OView class="oracle.dbtools.crest.swingui.relational.TVTable" oid="014794E6-1EBD-327C-37B5-9689983BC46C" otype="Table" vid="D789AFB7-16D2-A130-4FF1-893CBB836464">
<hideElementsInCurrentOnly>false</hideElementsInCurrentOnly>
<bounds x="437" y="0" width="272" height="453"/>
</OView>
<OView class="oracle.dbtools.crest.swingui.relational.TVTable" oid="71414406-B5CD-E0C8-2327-279232D0409C" otype="Table" vid="BDF2C6BF-1A92-5C79-0D4D-DF3279CBC5CF">
<hideElementsInCurrentOnly>false</hideElementsInCurrentOnly>
<bounds x="326" y="124" width="64" height="190"/>
</OView>
<OView class="oracle.dbtools.crest.swingui.relational.TVTable" oid="9BD047D5-81EB-A74A-88E8-77187E76544C" otype="Table" vid="0DBFAF1E-F248-E852-2B21-F3AEBBE2A3D8">
<hideElementsInCurrentOnly>false</hideElementsInCurrentOnly>
<bounds x="29" y="13" width="115" height="165"/>
</OView>
<OView class="oracle.dbtools.crest.swingui.relational.TVTable" oid="A75867E1-0166-F862-DDA4-C4D5FE0C28E8" otype="Table" vid="3C88D88C-59C5-4707-24F2-C62E3C01457C">
<hideElementsInCurrentOnly>false</hideElementsInCurrentOnly>
<bounds x="198" y="115" width="87" height="203"/>
</OView>
<OView class="oracle.dbtools.crest.swingui.relational.TVTable" oid="FF82D30B-D802-CD26-75D8-AC424F147AC1" otype="Table" vid="78EA23B3-E9FA-1AEF-4B37-53827FFDA40C">
<hideElementsInCurrentOnly>false</hideElementsInCurrentOnly>
<bounds x="28" y="282" width="138" height="103"/>
</OView>
</objectViews>
<connectors>
<Connector class="oracle.dbtools.crest.swingui.relational.TVFKRelation" oid="53680BAF-3FD0-6D19-6604-59918A5C6743" otype="FKIndexAssociation" vid_source="0DBFAF1E-F248-E852-2B21-F3AEBBE2A3D8" vid_target="78EA23B3-E9FA-1AEF-4B37-53827FFDA40C">
<hideElementsInCurrentOnly>false</hideElementsInCurrentOnly>
<backgroundColor>-16777216</backgroundColor>
<lineWidth>1</lineWidth>
<points>
<point x="86" y="178"/>
<point x="86" y="282"/>
</points>
</Connector>
<Connector class="oracle.dbtools.crest.swingui.relational.TVFKRelation" oid="53C4F0F4-5E1B-A1FD-55FA-5327EC56A2AB" otype="FKIndexAssociation" vid_source="3C88D88C-59C5-4707-24F2-C62E3C01457C" vid_target="BDF2C6BF-1A92-5C79-0D4D-DF3279CBC5CF">
<hideElementsInCurrentOnly>false</hideElementsInCurrentOnly>
<backgroundColor>-16777216</backgroundColor>
<lineWidth>1</lineWidth>
<points>
<point x="285" y="204"/>
<point x="326" y="204"/>
</points>
</Connector>
<Connector class="oracle.dbtools.crest.swingui.relational.TVFKRelation" oid="D97B48ED-FEDE-9E02-C97B-2CA002046706" otype="FKIndexAssociation" vid_source="0DBFAF1E-F248-E852-2B21-F3AEBBE2A3D8" vid_target="3C88D88C-59C5-4707-24F2-C62E3C01457C">
<hideElementsInCurrentOnly>false</hideElementsInCurrentOnly>
<backgroundColor>-16777216</backgroundColor>
<lineWidth>1</lineWidth>
<points>
<point x="144" y="146"/>
<point x="198" y="146"/>
</points>
</Connector>
<Connector class="oracle.dbtools.crest.swingui.relational.TVFKRelation" oid="F51536D8-74B6-20C5-3CA9-A55811C87850" otype="FKIndexAssociation" vid_source="D789AFB7-16D2-A130-4FF1-893CBB836464" vid_target="BDF2C6BF-1A92-5C79-0D4D-DF3279CBC5CF">
<hideElementsInCurrentOnly>false</hideElementsInCurrentOnly>
<backgroundColor>-16777216</backgroundColor>
<lineWidth>1</lineWidth>
<points>
<point x="437" y="219"/>
<point x="390" y="219"/>
</points>
</Connector>
</connectors>
</Diagram>