<?xml version = '1.0' encoding = 'UTF-8'?>
<Diagram class="oracle.dbtools.crest.swingui.logical.DPVLogical" name="Logical" id="4FAC873E-55D7-C3C8-45F0-48445A90163C">
<createdBy>Nikos</createdBy>
<modifiedBy>Nikos</modifiedBy>
<createdTime>2018-07-13 18:40:01 UTC</createdTime>
<autoRoute>false</autoRoute>
<boxInbox>true</boxInbox>
<showLegend>false</showLegend>
<showLabels>false</showLabels>
<showRelAttributes>false</showRelAttributes>
<gridEnabled>false</gridEnabled>
<showGrid>false</showGrid>
<diagramColor>-1</diagramColor>
<display>false</display>
<notation>1</notation>
<objectViews>
<OView class="oracle.dbtools.crest.swingui.logical.TVEntity" oid="263B1B1B-133E-27CB-1B9A-946F70A5C8D1" otype="Entity" vid="E728DAFD-4D77-EECC-24B5-91FAE93B5A53">
<hideElementsInCurrentOnly>false</hideElementsInCurrentOnly>
<bounds x="437" y="0" width="272" height="453"/>
</OView>
<OView class="oracle.dbtools.crest.swingui.logical.TVEntity" oid="8BBC52E4-73C6-CEDB-6285-5C5730C21100" otype="Entity" vid="818B60F2-FE67-E875-76AF-9C5C10100B5B">
<hideElementsInCurrentOnly>false</hideElementsInCurrentOnly>
<bounds x="198" y="115" width="87" height="203"/>
</OView>
<OView class="oracle.dbtools.crest.swingui.logical.TVEntity" oid="92480E7F-4C25-1343-747A-418E59CE692F" otype="Entity" vid="F7BF2041-38F2-ED12-B33D-B13E867AC410">
<hideElementsInCurrentOnly>false</hideElementsInCurrentOnly>
<bounds x="28" y="282" width="138" height="103"/>
</OView>
<OView class="oracle.dbtools.crest.swingui.logical.TVEntity" oid="B0268C7B-9734-DDEB-6C57-89DDAE2423DB" otype="Entity" vid="BA353A65-74FE-1E61-23B6-31C0E8FBFE31">
<hideElementsInCurrentOnly>false</hideElementsInCurrentOnly>
<bounds x="326" y="124" width="64" height="190"/>
</OView>
<OView class="oracle.dbtools.crest.swingui.logical.TVEntity" oid="D733DF93-17EA-FBDC-0A81-BD88AAD8FAD5" otype="Entity" vid="CDAE21C7-D8F6-9DFA-C49A-F8EB91EA9B57">
<hideElementsInCurrentOnly>false</hideElementsInCurrentOnly>
<bounds x="29" y="13" width="115" height="165"/>
</OView>
</objectViews>
<connectors>
<Connector class="oracle.dbtools.crest.swingui.logical.TVRelation" oid="1A87CD9E-4E99-129D-E563-8B34B3D05410" otype="Relation" vid_source="CDAE21C7-D8F6-9DFA-C49A-F8EB91EA9B57" vid_target="F7BF2041-38F2-ED12-B33D-B13E867AC410">
<hideElementsInCurrentOnly>false</hideElementsInCurrentOnly>
<backgroundColor>-16777216</backgroundColor>
<lineWidth>1</lineWidth>
<points>
<point x="86" y="178"/>
<point x="86" y="282"/>
</points>
</Connector>
<Connector class="oracle.dbtools.crest.swingui.logical.TVRelation" oid="5F4AF3E8-5103-6531-DE05-84E8C62B8EAE" otype="Relation" vid_source="E728DAFD-4D77-EECC-24B5-91FAE93B5A53" vid_target="BA353A65-74FE-1E61-23B6-31C0E8FBFE31">
<hideElementsInCurrentOnly>false</hideElementsInCurrentOnly>
<backgroundColor>-16777216</backgroundColor>
<lineWidth>1</lineWidth>
<points>
<point x="437" y="219"/>
<point x="390" y="219"/>
</points>
</Connector>
<Connector class="oracle.dbtools.crest.swingui.logical.TVRelation" oid="B27BF26B-8793-E791-618D-D8E3B1839A58" otype="Relation" vid_source="CDAE21C7-D8F6-9DFA-C49A-F8EB91EA9B57" vid_target="818B60F2-FE67-E875-76AF-9C5C10100B5B">
<hideElementsInCurrentOnly>false</hideElementsInCurrentOnly>
<backgroundColor>-16777216</backgroundColor>
<lineWidth>1</lineWidth>
<points>
<point x="144" y="146"/>
<point x="198" y="146"/>
</points>
</Connector>
<Connector class="oracle.dbtools.crest.swingui.logical.TVRelation" oid="D1558EAF-D34A-EAE5-4738-71B517727F5A" otype="Relation" vid_source="818B60F2-FE67-E875-76AF-9C5C10100B5B" vid_target="BA353A65-74FE-1E61-23B6-31C0E8FBFE31">
<hideElementsInCurrentOnly>false</hideElementsInCurrentOnly>
<backgroundColor>-16777216</backgroundColor>
<lineWidth>1</lineWidth>
<points>
<point x="285" y="204"/>
<point x="326" y="204"/>
</points>
</Connector>
</connectors>
</Diagram>