<?xml version = '1.0' encoding = 'UTF-8'?>
<Entity class="oracle.dbtools.crest.model.design.logical.Entity" directorySegmentName="seg_0" id="263B1B1B-133E-27CB-1B9A-946F70A5C8D1" name="Products">
<createdBy>Nikos</createdBy>
<createdTime>2018-07-13 18:40:01 UTC</createdTime>
<ownerDesignName>lastdb</ownerDesignName>
<engineerTo>
<item key="70E86564-07F5-0AE5-1C5B-1998A134D27E" value="true"/>
<item key="A175D81E-EB64-7F2C-80E9-A32AF2113BE7" value="true"/>
</engineerTo>
<adequatelyNormalized>NO</adequatelyNormalized>
<expectedVolumes>0</expectedVolumes>
<fwdEngineeringStrategyName>Single Table</fwdEngineeringStrategyName>
<growthPercent>0</growthPercent>
<growthType>Year</growthType>
<maxVolumes>9999999</maxVolumes>
<minVolumes>0</minVolumes>
<normalForm>Third</normalForm>
<attributes itemClass="oracle.dbtools.crest.model.design.logical.Attribute">
<Attribute name="Id" id="FCD87408-60F4-1589-F254-E61616A9FA81">
<createdBy>Nikos</createdBy>
<createdTime>2018-07-13 18:40:32 UTC</createdTime>
<ownerDesignName>lastdb</ownerDesignName>
<engineerTo>
<item key="70E86564-07F5-0AE5-1C5B-1998A134D27E" value="true"/>
<item key="A175D81E-EB64-7F2C-80E9-A32AF2113BE7" value="true"/>
</engineerTo>
<useDomainConstraints>false</useDomainConstraints>
<use>1</use>
<logicalDatatype>LOGDT024</logicalDatatype>
<dataTypeSize>255</dataTypeSize>
<ownDataTypeParameters>255,,</ownDataTypeParameters>
</Attribute>
<Attribute name="Model" id="B46DE0E4-50FE-6887-391A-923BB242DF5D">
<createdBy>Nikos</createdBy>
<createdTime>2018-07-13 18:44:03 UTC</createdTime>
<ownerDesignName>lastdb</ownerDesignName>
<engineerTo>
<item key="70E86564-07F5-0AE5-1C5B-1998A134D27E" value="true"/>
<item key="A175D81E-EB64-7F2C-80E9-A32AF2113BE7" value="true"/>
</engineerTo>
<useDomainConstraints>false</useDomainConstraints>
<use>1</use>
<logicalDatatype>LOGDT024</logicalDatatype>
<dataTypeSize>255</dataTypeSize>
<ownDataTypeParameters>255,,</ownDataTypeParameters>
</Attribute>
<Attribute name="Brand" id="3E87A319-D12A-05AF-FE7B-DE3FBE11D82F">
<createdBy>Nikos</createdBy>
<createdTime>2018-07-13 18:45:02 UTC</createdTime>
<ownerDesignName>lastdb</ownerDesignName>
<engineerTo>
<item key="70E86564-07F5-0AE5-1C5B-1998A134D27E" value="true"/>
<item key="A175D81E-EB64-7F2C-80E9-A32AF2113BE7" value="true"/>
</engineerTo>
<useDomainConstraints>false</useDomainConstraints>
<use>1</use>
<logicalDatatype>LOGDT024</logicalDatatype>
<dataTypeSize>255</dataTypeSize>
<ownDataTypeParameters>255,,</ownDataTypeParameters>
</Attribute>
<Attribute name="Category" id="059AEBF2-F79F-B871-4181-9BC014B01138">
<createdBy>Nikos</createdBy>
<createdTime>2018-07-13 18:42:07 UTC</createdTime>
<ownerDesignName>lastdb</ownerDesignName>
<engineerTo>
<item key="70E86564-07F5-0AE5-1C5B-1998A134D27E" value="true"/>
<item key="A175D81E-EB64-7F2C-80E9-A32AF2113BE7" value="true"/>
</engineerTo>
<useDomainConstraints>false</useDomainConstraints>
<use>1</use>
<logicalDatatype>LOGDT024</logicalDatatype>
<dataTypeSize>255</dataTypeSize>
<ownDataTypeParameters>255,,</ownDataTypeParameters>
</Attribute>
<Attribute name="Network" id="196A37DC-3935-E46D-F10A-F74B3D4C3210">
<createdBy>Nikos</createdBy>
<createdTime>2018-07-13 18:42:35 UTC</createdTime>
<ownerDesignName>lastdb</ownerDesignName>
<engineerTo>
<item key="70E86564-07F5-0AE5-1C5B-1998A134D27E" value="true"/>
<item key="A175D81E-EB64-7F2C-80E9-A32AF2113BE7" value="true"/>
</engineerTo>
<nullsAllowed>true</nullsAllowed>
<useDomainConstraints>false</useDomainConstraints>
<use>1</use>
<logicalDatatype>LOGDT024</logicalDatatype>
<dataTypeSize>255</dataTypeSize>
<ownDataTypeParameters>255,,</ownDataTypeParameters>
</Attribute>
<Attribute name="Launch" id="D9F5682E-3654-0E21-4AB9-83D8A808D02A">
<createdBy>Nikos</createdBy>
<createdTime>2018-07-13 18:43:53 UTC</createdTime>
<ownerDesignName>lastdb</ownerDesignName>
<engineerTo>
<item key="70E86564-07F5-0AE5-1C5B-1998A134D27E" value="true"/>
<item key="A175D81E-EB64-7F2C-80E9-A32AF2113BE7" value="true"/>
</engineerTo>
<nullsAllowed>true</nullsAllowed>
<useDomainConstraints>false</useDomainConstraints>
<use>1</use>
<logicalDatatype>LOGDT024</logicalDatatype>
<dataTypeSize>255</dataTypeSize>
<ownDataTypeParameters>255,,</ownDataTypeParameters>
</Attribute>
<Attribute name="Device_Dimensions" id="714F8090-38BC-D66A-4EA8-A14C882324AA">
<createdBy>Nikos</createdBy>
<createdTime>2018-07-13 18:45:20 UTC</createdTime>
<ownerDesignName>lastdb</ownerDesignName>
<engineerTo>
<item key="70E86564-07F5-0AE5-1C5B-1998A134D27E" value="true"/>
<item key="A175D81E-EB64-7F2C-80E9-A32AF2113BE7" value="true"/>
</engineerTo>
<useDomainConstraints>false</useDomainConstraints>
<use>1</use>
<logicalDatatype>LOGDT024</logicalDatatype>
<dataTypeSize>255</dataTypeSize>
<ownDataTypeParameters>255,,</ownDataTypeParameters>
</Attribute>
<Attribute name="Screen_Dimensions" id="D6AA1A9F-8611-246B-A054-2C00AE56F067">
<createdBy>Nikos</createdBy>
<createdTime>2018-07-13 18:47:02 UTC</createdTime>
<ownerDesignName>lastdb</ownerDesignName>
<engineerTo>
<item key="70E86564-07F5-0AE5-1C5B-1998A134D27E" value="true"/>
<item key="A175D81E-EB64-7F2C-80E9-A32AF2113BE7" value="true"/>
</engineerTo>
<nullsAllowed>true</nullsAllowed>
<useDomainConstraints>false</useDomainConstraints>
<use>1</use>
<logicalDatatype>LOGDT021</logicalDatatype>
<ownDataTypeParameters>,,</ownDataTypeParameters>
</Attribute>
<Attribute name="Screen_Pixels" id="3796EA36-6F92-E17B-652C-8DFD5BE05F1B">
<createdBy>Nikos</createdBy>
<createdTime>2018-07-13 18:48:40 UTC</createdTime>
<ownerDesignName>lastdb</ownerDesignName>
<engineerTo>
<item key="70E86564-07F5-0AE5-1C5B-1998A134D27E" value="true"/>
<item key="A175D81E-EB64-7F2C-80E9-A32AF2113BE7" value="true"/>
</engineerTo>
<nullsAllowed>true</nullsAllowed>
<useDomainConstraints>false</useDomainConstraints>
<use>1</use>
<logicalDatatype>LOGDT024</logicalDatatype>
<dataTypeSize>255</dataTypeSize>
<ownDataTypeParameters>255,,</ownDataTypeParameters>
</Attribute>
<Attribute name="Sim" id="6B5055A0-E92A-0015-96CE-634A7822D2BB">
<createdBy>Nikos</createdBy>
<createdTime>2018-07-13 18:49:00 UTC</createdTime>
<ownerDesignName>lastdb</ownerDesignName>
<engineerTo>
<item key="70E86564-07F5-0AE5-1C5B-1998A134D27E" value="true"/>
<item key="A175D81E-EB64-7F2C-80E9-A32AF2113BE7" value="true"/>
</engineerTo>
<nullsAllowed>true</nullsAllowed>
<useDomainConstraints>false</useDomainConstraints>
<use>1</use>
<logicalDatatype>LOGDT024</logicalDatatype>
<dataTypeSize>255</dataTypeSize>
<ownDataTypeParameters>255,,</ownDataTypeParameters>
</Attribute>
<Attribute name="Num_Sim" id="6303D617-B746-B20D-956F-0B649F10E3F8">
<createdBy>Nikos</createdBy>
<createdTime>2018-07-13 18:49:55 UTC</createdTime>
<ownerDesignName>lastdb</ownerDesignName>
<engineerTo>
<item key="70E86564-07F5-0AE5-1C5B-1998A134D27E" value="true"/>
<item key="A175D81E-EB64-7F2C-80E9-A32AF2113BE7" value="true"/>
</engineerTo>
<nullsAllowed>true</nullsAllowed>
<useDomainConstraints>false</useDomainConstraints>
<use>1</use>
<logicalDatatype>LOGDT011</logicalDatatype>
<ownDataTypeParameters>,,</ownDataTypeParameters>
</Attribute>
<Attribute name="OS" id="20AC05F4-B0FF-B828-E76E-92ECB60AA12E">
<createdBy>Nikos</createdBy>
<createdTime>2018-07-13 18:50:29 UTC</createdTime>
<ownerDesignName>lastdb</ownerDesignName>
<engineerTo>
<item key="70E86564-07F5-0AE5-1C5B-1998A134D27E" value="true"/>
<item key="A175D81E-EB64-7F2C-80E9-A32AF2113BE7" value="true"/>
</engineerTo>
<nullsAllowed>true</nullsAllowed>
<useDomainConstraints>false</useDomainConstraints>
<use>1</use>
<logicalDatatype>LOGDT024</logicalDatatype>
<dataTypeSize>255</dataTypeSize>
<ownDataTypeParameters>255,,</ownDataTypeParameters>
</Attribute>
<Attribute name="CPU" id="0B175191-068F-C3C2-FBEC-59A8E51D8651">
<createdBy>Nikos</createdBy>
<createdTime>2018-07-13 18:51:54 UTC</createdTime>
<ownerDesignName>lastdb</ownerDesignName>
<engineerTo>
<item key="70E86564-07F5-0AE5-1C5B-1998A134D27E" value="true"/>
<item key="A175D81E-EB64-7F2C-80E9-A32AF2113BE7" value="true"/>
</engineerTo>
<nullsAllowed>true</nullsAllowed>
<useDomainConstraints>false</useDomainConstraints>
<use>1</use>
<logicalDatatype>LOGDT024</logicalDatatype>
<dataTypeSize>255</dataTypeSize>
<ownDataTypeParameters>255,,</ownDataTypeParameters>
</Attribute>
<Attribute name="RAM" id="72CF6934-414F-471B-7BAB-046765419327">
<createdBy>Nikos</createdBy>
<createdTime>2018-07-13 18:52:55 UTC</createdTime>
<ownerDesignName>lastdb</ownerDesignName>
<engineerTo>
<item key="70E86564-07F5-0AE5-1C5B-1998A134D27E" value="true"/>
<item key="A175D81E-EB64-7F2C-80E9-A32AF2113BE7" value="true"/>
</engineerTo>
<nullsAllowed>true</nullsAllowed>
<useDomainConstraints>false</useDomainConstraints>
<use>1</use>
<logicalDatatype>LOGDT024</logicalDatatype>
<dataTypeSize>255</dataTypeSize>
<ownDataTypeParameters>255,,</ownDataTypeParameters>
</Attribute>
<Attribute name="Card_Slot" id="84E791A7-9B16-2294-6673-FCE56C2AB9CA">
<createdBy>Nikos</createdBy>
<createdTime>2018-07-13 18:53:04 UTC</createdTime>
<ownerDesignName>lastdb</ownerDesignName>
<engineerTo>
<item key="70E86564-07F5-0AE5-1C5B-1998A134D27E" value="true"/>
<item key="A175D81E-EB64-7F2C-80E9-A32AF2113BE7" value="true"/>
</engineerTo>
<useDomainConstraints>false</useDomainConstraints>
<use>1</use>
<logicalDatatype>LOGDT006</logicalDatatype>
<dataTypeSize>1</dataTypeSize>
<ownDataTypeParameters>1,,</ownDataTypeParameters>
</Attribute>
<Attribute name="Internal_Memory" id="9690EBA6-3DBE-8975-6912-248515543F3D">
<createdBy>Nikos</createdBy>
<createdTime>2018-07-13 18:53:54 UTC</createdTime>
<ownerDesignName>lastdb</ownerDesignName>
<engineerTo>
<item key="70E86564-07F5-0AE5-1C5B-1998A134D27E" value="true"/>
<item key="A175D81E-EB64-7F2C-80E9-A32AF2113BE7" value="true"/>
</engineerTo>
<useDomainConstraints>false</useDomainConstraints>
<use>1</use>
<logicalDatatype>LOGDT024</logicalDatatype>
<dataTypeSize>255</dataTypeSize>
<ownDataTypeParameters>255,,</ownDataTypeParameters>
</Attribute>
<Attribute name="Camera_Primary" id="D08C1CF7-5A10-EEF3-AA53-88E54073D778">
<createdBy>Nikos</createdBy>
<createdTime>2018-07-13 18:54:36 UTC</createdTime>
<ownerDesignName>lastdb</ownerDesignName>
<engineerTo>
<item key="70E86564-07F5-0AE5-1C5B-1998A134D27E" value="true"/>
<item key="A175D81E-EB64-7F2C-80E9-A32AF2113BE7" value="true"/>
</engineerTo>
<nullsAllowed>true</nullsAllowed>
<useDomainConstraints>false</useDomainConstraints>
<use>1</use>
<logicalDatatype>LOGDT021</logicalDatatype>
<ownDataTypeParameters>,,</ownDataTypeParameters>
</Attribute>
<Attribute name="Camera_Secondary" id="283C8DF6-07A1-7532-91E1-1A0E6B63523B">
<createdBy>Nikos</createdBy>
<createdTime>2018-07-13 18:55:36 UTC</createdTime>
<ownerDesignName>lastdb</ownerDesignName>
<engineerTo>
<item key="70E86564-07F5-0AE5-1C5B-1998A134D27E" value="true"/>
<item key="A175D81E-EB64-7F2C-80E9-A32AF2113BE7" value="true"/>
</engineerTo>
<nullsAllowed>true</nullsAllowed>
<useDomainConstraints>false</useDomainConstraints>
<use>1</use>
<logicalDatatype>LOGDT021</logicalDatatype>
<ownDataTypeParameters>,,</ownDataTypeParameters>
</Attribute>
<Attribute name="Radio" id="81564744-D447-46A4-7EF4-7F252B2EAE40">
<createdBy>Nikos</createdBy>
<createdTime>2018-07-13 18:55:46 UTC</createdTime>
<ownerDesignName>lastdb</ownerDesignName>
<engineerTo>
<item key="70E86564-07F5-0AE5-1C5B-1998A134D27E" value="true"/>
<item key="A175D81E-EB64-7F2C-80E9-A32AF2113BE7" value="true"/>
</engineerTo>
<useDomainConstraints>false</useDomainConstraints>
<use>1</use>
<logicalDatatype>LOGDT006</logicalDatatype>
<dataTypeSize>1</dataTypeSize>
<ownDataTypeParameters>1,,</ownDataTypeParameters>
</Attribute>
<Attribute name="WLAN" id="CDF11900-F065-A0AC-0DD0-37FA4954A117">
<createdBy>Nikos</createdBy>
<createdTime>2018-07-13 18:57:04 UTC</createdTime>
<ownerDesignName>lastdb</ownerDesignName>
<engineerTo>
<item key="70E86564-07F5-0AE5-1C5B-1998A134D27E" value="true"/>
<item key="A175D81E-EB64-7F2C-80E9-A32AF2113BE7" value="true"/>
</engineerTo>
<nullsAllowed>true</nullsAllowed>
<useDomainConstraints>false</useDomainConstraints>
<use>1</use>
<logicalDatatype>LOGDT006</logicalDatatype>
<dataTypeSize>1</dataTypeSize>
<ownDataTypeParameters>1,,</ownDataTypeParameters>
</Attribute>
<Attribute name="Bluetooth" id="0B43444C-1DAD-071B-4AC5-DD94D068527B">
<createdBy>Nikos</createdBy>
<createdTime>2018-07-13 18:57:23 UTC</createdTime>
<ownerDesignName>lastdb</ownerDesignName>
<engineerTo>
<item key="70E86564-07F5-0AE5-1C5B-1998A134D27E" value="true"/>
<item key="A175D81E-EB64-7F2C-80E9-A32AF2113BE7" value="true"/>
</engineerTo>
<nullsAllowed>true</nullsAllowed>
<useDomainConstraints>false</useDomainConstraints>
<use>1</use>
<logicalDatatype>LOGDT006</logicalDatatype>
<dataTypeSize>1</dataTypeSize>
<ownDataTypeParameters>1,,</ownDataTypeParameters>
</Attribute>
<Attribute name="GPS" id="8545D77E-9862-E977-FC48-95ED755761E8">
<createdBy>Nikos</createdBy>
<createdTime>2018-07-13 18:57:44 UTC</createdTime>
<ownerDesignName>lastdb</ownerDesignName>
<engineerTo>
<item key="70E86564-07F5-0AE5-1C5B-1998A134D27E" value="true"/>
<item key="A175D81E-EB64-7F2C-80E9-A32AF2113BE7" value="true"/>
</engineerTo>
<nullsAllowed>true</nullsAllowed>
<useDomainConstraints>false</useDomainConstraints>
<use>1</use>
<logicalDatatype>LOGDT006</logicalDatatype>
<dataTypeSize>1</dataTypeSize>
<ownDataTypeParameters>1,,</ownDataTypeParameters>
</Attribute>
<Attribute name="NFC" id="572260F3-6A2F-92F4-F111-BC85FCE3099F">
<createdBy>Nikos</createdBy>
<createdTime>2018-07-13 18:58:01 UTC</createdTime>
<ownerDesignName>lastdb</ownerDesignName>
<engineerTo>
<item key="70E86564-07F5-0AE5-1C5B-1998A134D27E" value="true"/>
<item key="A175D81E-EB64-7F2C-80E9-A32AF2113BE7" value="true"/>
</engineerTo>
<nullsAllowed>true</nullsAllowed>
<useDomainConstraints>false</useDomainConstraints>
<use>1</use>
<logicalDatatype>LOGDT006</logicalDatatype>
<dataTypeSize>1</dataTypeSize>
<ownDataTypeParameters>1,,</ownDataTypeParameters>
</Attribute>
<Attribute name="Water_Proof" id="FA718C3E-E0E2-5256-A5D6-CCC9C1C50685">
<createdBy>Nikos</createdBy>
<createdTime>2018-07-13 18:58:08 UTC</createdTime>
<ownerDesignName>lastdb</ownerDesignName>
<engineerTo>
<item key="70E86564-07F5-0AE5-1C5B-1998A134D27E" value="true"/>
<item key="A175D81E-EB64-7F2C-80E9-A32AF2113BE7" value="true"/>
</engineerTo>
<useDomainConstraints>false</useDomainConstraints>
<use>1</use>
<logicalDatatype>LOGDT006</logicalDatatype>
<dataTypeSize>1</dataTypeSize>
<ownDataTypeParameters>1,,</ownDataTypeParameters>
</Attribute>
<Attribute name="Battery_Capacity" id="74532F98-0DC2-1825-0655-C1521128E36A">
<createdBy>Nikos</createdBy>
<createdTime>2018-07-13 18:58:42 UTC</createdTime>
<ownerDesignName>lastdb</ownerDesignName>
<engineerTo>
<item key="70E86564-07F5-0AE5-1C5B-1998A134D27E" value="true"/>
<item key="A175D81E-EB64-7F2C-80E9-A32AF2113BE7" value="true"/>
</engineerTo>
<useDomainConstraints>false</useDomainConstraints>
<use>1</use>
<logicalDatatype>LOGDT024</logicalDatatype>
<dataTypeSize>255</dataTypeSize>
<ownDataTypeParameters>255,,</ownDataTypeParameters>
</Attribute>
<Attribute name="Battery_Removable" id="667D7788-AD9A-C100-DD9F-6BF68A74C927">
<createdBy>Nikos</createdBy>
<createdTime>2018-07-13 18:59:01 UTC</createdTime>
<ownerDesignName>lastdb</ownerDesignName>
<engineerTo>
<item key="70E86564-07F5-0AE5-1C5B-1998A134D27E" value="true"/>
<item key="A175D81E-EB64-7F2C-80E9-A32AF2113BE7" value="true"/>
</engineerTo>
<useDomainConstraints>false</useDomainConstraints>
<use>1</use>
<logicalDatatype>LOGDT006</logicalDatatype>
<dataTypeSize>1</dataTypeSize>
<ownDataTypeParameters>1,,</ownDataTypeParameters>
</Attribute>
<Attribute name="Color" id="4A152007-7DA1-3F8C-EFDD-A1644446B07C">
<createdBy>Nikos</createdBy>
<createdTime>2018-07-13 18:59:28 UTC</createdTime>
<ownerDesignName>lastdb</ownerDesignName>
<engineerTo>
<item key="70E86564-07F5-0AE5-1C5B-1998A134D27E" value="true"/>
<item key="A175D81E-EB64-7F2C-80E9-A32AF2113BE7" value="true"/>
</engineerTo>
<useDomainConstraints>false</useDomainConstraints>
<use>1</use>
<logicalDatatype>LOGDT024</logicalDatatype>
<dataTypeSize>255</dataTypeSize>
<ownDataTypeParameters>255,,</ownDataTypeParameters>
</Attribute>
<Attribute name="Loud_Speaker" id="90B21748-FFB5-36F8-159B-33A61E60219E">
<createdBy>Nikos</createdBy>
<createdTime>2018-07-13 18:59:38 UTC</createdTime>
<ownerDesignName>lastdb</ownerDesignName>
<engineerTo>
<item key="70E86564-07F5-0AE5-1C5B-1998A134D27E" value="true"/>
<item key="A175D81E-EB64-7F2C-80E9-A32AF2113BE7" value="true"/>
</engineerTo>
<useDomainConstraints>false</useDomainConstraints>
<use>1</use>
<logicalDatatype>LOGDT006</logicalDatatype>
<dataTypeSize>1</dataTypeSize>
<ownDataTypeParameters>1,,</ownDataTypeParameters>
</Attribute>
<Attribute name="USB" id="1958F5B8-528B-255B-E5E8-9B82AFC2D1CD">
<createdBy>Nikos</createdBy>
<createdTime>2018-07-13 19:00:00 UTC</createdTime>
<ownerDesignName>lastdb</ownerDesignName>
<engineerTo>
<item key="70E86564-07F5-0AE5-1C5B-1998A134D27E" value="true"/>
<item key="A175D81E-EB64-7F2C-80E9-A32AF2113BE7" value="true"/>
</engineerTo>
<useDomainConstraints>false</useDomainConstraints>
<use>1</use>
<logicalDatatype>LOGDT006</logicalDatatype>
<dataTypeSize>1</dataTypeSize>
<ownDataTypeParameters>1,,</ownDataTypeParameters>
</Attribute>
<Attribute name="Price" id="4A5FC2F0-546B-B912-99C5-751C8FF46421">
<createdBy>Nikos</createdBy>
<createdTime>2018-07-13 19:00:17 UTC</createdTime>
<ownerDesignName>lastdb</ownerDesignName>
<engineerTo>
<item key="70E86564-07F5-0AE5-1C5B-1998A134D27E" value="true"/>
<item key="A175D81E-EB64-7F2C-80E9-A32AF2113BE7" value="true"/>
</engineerTo>
<useDomainConstraints>false</useDomainConstraints>
<use>1</use>
<logicalDatatype>LOGDT021</logicalDatatype>
<ownDataTypeParameters>,,</ownDataTypeParameters>
</Attribute>
<Attribute name="Photo" id="58EF6696-B249-EB58-96E9-9903015E5319">
<createdBy>Nikos</createdBy>
<createdTime>2018-07-13 19:00:26 UTC</createdTime>
<ownerDesignName>lastdb</ownerDesignName>
<engineerTo>
<item key="70E86564-07F5-0AE5-1C5B-1998A134D27E" value="true"/>
<item key="A175D81E-EB64-7F2C-80E9-A32AF2113BE7" value="true"/>
</engineerTo>
<useDomainConstraints>false</useDomainConstraints>
<use>1</use>
<logicalDatatype>LOGDT029</logicalDatatype>
<ownDataTypeParameters>,,</ownDataTypeParameters>
</Attribute>
</attributes>
<identifiers itemClass="oracle.dbtools.crest.model.design.logical.CandidateKey">
<identifier id="7C2B35D2-369E-19F1-8507-44A0B657F8D2" name="Products PK">
<createdBy>Nikos</createdBy>
<createdTime>2018-07-13 18:42:05 UTC</createdTime>
<ownerDesignName>lastdb</ownerDesignName>
<engineerTo>
<item key="70E86564-07F5-0AE5-1C5B-1998A134D27E" value="true"/>
<item key="A175D81E-EB64-7F2C-80E9-A32AF2113BE7" value="true"/>
</engineerTo>
<pk>true</pk>
<usedAttributes>
<attributeRef>FCD87408-60F4-1589-F254-E61616A9FA81</attributeRef>
</usedAttributes>
</identifier>
</identifiers>
</Entity>