<?xml version = '1.0' encoding = 'UTF-8'?>
<Entity class="oracle.dbtools.crest.model.design.logical.Entity" directorySegmentName="seg_0" id="8BBC52E4-73C6-CEDB-6285-5C5730C21100" name="Basket">
<createdBy>Nikos</createdBy>
<createdTime>2018-07-13 19:01:32 UTC</createdTime>
<ownerDesignName>lastdb</ownerDesignName>
<engineerTo>
<item key="70E86564-07F5-0AE5-1C5B-1998A134D27E" value="true"/>
<item key="A175D81E-EB64-7F2C-80E9-A32AF2113BE7" value="true"/>
</engineerTo>
<adequatelyNormalized>NO</adequatelyNormalized>
<expectedVolumes>0</expectedVolumes>
<fwdEngineeringStrategyName>Single Table</fwdEngineeringStrategyName>
<growthPercent>0</growthPercent>
<growthType>Year</growthType>
<maxVolumes>9999999</maxVolumes>
<minVolumes>0</minVolumes>
<normalForm>Third</normalForm>
<attributes itemClass="oracle.dbtools.crest.model.design.logical.Attribute">
<Attribute name="Id" id="BA65FAF3-5D54-89C1-74D3-23C1B29D80D0">
<createdBy>Nikos</createdBy>
<createdTime>2018-07-13 19:01:46 UTC</createdTime>
<ownerDesignName>lastdb</ownerDesignName>
<engineerTo>
<item key="70E86564-07F5-0AE5-1C5B-1998A134D27E" value="true"/>
<item key="A175D81E-EB64-7F2C-80E9-A32AF2113BE7" value="true"/>
</engineerTo>
<useDomainConstraints>false</useDomainConstraints>
<use>1</use>
<logicalDatatype>LOGDT011</logicalDatatype>
<ownDataTypeParameters>,,</ownDataTypeParameters>
</Attribute>
<Attribute name="Id1" id="CFB4C620-5500-DC69-B3AD-A3047B624093">
<createdBy>Nikos</createdBy>
<createdTime>2018-07-13 19:07:20 UTC</createdTime>
<generatorID>B27BF26B-8793-E791-618D-D8E3B1839A58</generatorID>
<ownerDesignName>lastdb</ownerDesignName>
<engineerTo>
<item key="70E86564-07F5-0AE5-1C5B-1998A134D27E" value="true"/>
<item key="A175D81E-EB64-7F2C-80E9-A32AF2113BE7" value="true"/>
</engineerTo>
<referedAttribute>77BB9A09-2D5F-102C-4E62-BBB98BABD13C</referedAttribute>
<useDomainConstraints>false</useDomainConstraints>
<use>1</use>
<logicalDatatype>LOGDT011</logicalDatatype>
<ownDataTypeParameters>,,</ownDataTypeParameters>
</Attribute>
<Attribute name="Total_Price" id="F40DACB6-82CD-B53B-850D-AA0C1F0CB03D">
<createdBy>Nikos</createdBy>
<createdTime>2018-07-13 19:19:42 UTC</createdTime>
<ownerDesignName>lastdb</ownerDesignName>
<engineerTo>
<item key="70E86564-07F5-0AE5-1C5B-1998A134D27E" value="true"/>
<item key="A175D81E-EB64-7F2C-80E9-A32AF2113BE7" value="true"/>
</engineerTo>
<useDomainConstraints>false</useDomainConstraints>
<use>1</use>
<logicalDatatype>LOGDT021</logicalDatatype>
<ownDataTypeParameters>,,</ownDataTypeParameters>
</Attribute>
<Attribute name="Budget" id="D197593A-54ED-250D-CF46-711E916E0645">
<createdBy>Nikos</createdBy>
<createdTime>2018-07-13 19:38:26 UTC</createdTime>
<ownerDesignName>lastdb</ownerDesignName>
<engineerTo>
<item key="70E86564-07F5-0AE5-1C5B-1998A134D27E" value="true"/>
<item key="A175D81E-EB64-7F2C-80E9-A32AF2113BE7" value="true"/>
</engineerTo>
<nullsAllowed>true</nullsAllowed>
<useDomainConstraints>false</useDomainConstraints>
<use>1</use>
<logicalDatatype>LOGDT021</logicalDatatype>
<ownDataTypeParameters>,,</ownDataTypeParameters>
</Attribute>
</attributes>
<identifiers itemClass="oracle.dbtools.crest.model.design.logical.CandidateKey">
<identifier id="9254FA3B-CAA2-B450-EC25-048417A3ACF9" name="Basket PK">
<createdBy>Nikos</createdBy>
<createdTime>2018-07-13 19:03:01 UTC</createdTime>
<ownerDesignName>lastdb</ownerDesignName>
<engineerTo>
<item key="70E86564-07F5-0AE5-1C5B-1998A134D27E" value="true"/>
<item key="A175D81E-EB64-7F2C-80E9-A32AF2113BE7" value="true"/>
</engineerTo>
<pk>true</pk>
<usedAttributes>
<attributeRef>BA65FAF3-5D54-89C1-74D3-23C1B29D80D0</attributeRef>
</usedAttributes>
</identifier>
</identifiers>
</Entity>