<?xml version = '1.0' encoding = 'UTF-8'?>
<Entity class="oracle.dbtools.crest.model.design.logical.Entity" directorySegmentName="seg_0" id="92480E7F-4C25-1343-747A-418E59CE692F" name="Feedback">
<createdBy>Nikos</createdBy>
<createdTime>2018-07-14 17:39:18 UTC</createdTime>
<ownerDesignName>lastdb</ownerDesignName>
<engineerTo>
<item key="68A96A85-76FF-5045-F9E6-B53510CE38A1" value="true"/>
<item key="A175D81E-EB64-7F2C-80E9-A32AF2113BE7" value="true"/>
</engineerTo>
<adequatelyNormalized>NO</adequatelyNormalized>
<expectedVolumes>0</expectedVolumes>
<fwdEngineeringStrategyName>Single Table</fwdEngineeringStrategyName>
<growthPercent>0</growthPercent>
<growthType>Year</growthType>
<maxVolumes>9999999</maxVolumes>
<minVolumes>0</minVolumes>
<normalForm>Third</normalForm>
<attributes itemClass="oracle.dbtools.crest.model.design.logical.Attribute">
<Attribute name="Id" id="7D8C5D41-0C17-DEF2-38E7-24D3910F66AA">
<createdBy>Nikos</createdBy>
<createdTime>2018-07-14 17:39:31 UTC</createdTime>
<ownerDesignName>lastdb</ownerDesignName>
<engineerTo>
<item key="68A96A85-76FF-5045-F9E6-B53510CE38A1" value="true"/>
<item key="A175D81E-EB64-7F2C-80E9-A32AF2113BE7" value="true"/>
</engineerTo>
<useDomainConstraints>false</useDomainConstraints>
<use>1</use>
<logicalDatatype>LOGDT011</logicalDatatype>
<ownDataTypeParameters>,,</ownDataTypeParameters>
</Attribute>
<Attribute name="q1" id="861A6F29-B15B-79B6-0F41-8A9C4C2A8A43">
<createdBy>Nikos</createdBy>
<createdTime>2018-07-14 17:41:47 UTC</createdTime>
<ownerDesignName>lastdb</ownerDesignName>
<engineerTo>
<item key="68A96A85-76FF-5045-F9E6-B53510CE38A1" value="true"/>
<item key="A175D81E-EB64-7F2C-80E9-A32AF2113BE7" value="true"/>
</engineerTo>
<nullsAllowed>true</nullsAllowed>
<useDomainConstraints>false</useDomainConstraints>
<use>1</use>
<logicalDatatype>LOGDT011</logicalDatatype>
<ownDataTypeParameters>,,</ownDataTypeParameters>
</Attribute>
<Attribute name="q2" id="39B8804E-EBA3-F421-D653-07256DEC9299">
<createdBy>Nikos</createdBy>
<createdTime>2018-07-14 17:42:01 UTC</createdTime>
<ownerDesignName>lastdb</ownerDesignName>
<engineerTo>
<item key="68A96A85-76FF-5045-F9E6-B53510CE38A1" value="true"/>
<item key="A175D81E-EB64-7F2C-80E9-A32AF2113BE7" value="true"/>
</engineerTo>
<nullsAllowed>true</nullsAllowed>
<useDomainConstraints>false</useDomainConstraints>
<use>1</use>
<logicalDatatype>LOGDT011</logicalDatatype>
<ownDataTypeParameters>,,</ownDataTypeParameters>
</Attribute>
<Attribute name="q3" id="EE83F5BA-2FA8-1960-B752-CCFC9F238102">
<createdBy>Nikos</createdBy>
<createdTime>2018-07-14 17:42:09 UTC</createdTime>
<ownerDesignName>lastdb</ownerDesignName>
<engineerTo>
<item key="68A96A85-76FF-5045-F9E6-B53510CE38A1" value="true"/>
<item key="A175D81E-EB64-7F2C-80E9-A32AF2113BE7" value="true"/>
</engineerTo>
<nullsAllowed>true</nullsAllowed>
<useDomainConstraints>false</useDomainConstraints>
<use>1</use>
<logicalDatatype>LOGDT011</logicalDatatype>
<ownDataTypeParameters>,,</ownDataTypeParameters>
</Attribute>
<Attribute name="q4" id="A5EF3099-D9F8-A131-818B-B41ACA0191F4">
<createdBy>Nikos</createdBy>
<createdTime>2018-07-14 17:42:20 UTC</createdTime>
<ownerDesignName>lastdb</ownerDesignName>
<engineerTo>
<item key="68A96A85-76FF-5045-F9E6-B53510CE38A1" value="true"/>
<item key="A175D81E-EB64-7F2C-80E9-A32AF2113BE7" value="true"/>
</engineerTo>
<nullsAllowed>true</nullsAllowed>
<useDomainConstraints>false</useDomainConstraints>
<use>1</use>
<logicalDatatype>LOGDT024</logicalDatatype>
<dataTypeSize>255</dataTypeSize>
<ownDataTypeParameters>255,,</ownDataTypeParameters>
</Attribute>
<Attribute name="Id1" id="350A0D55-D385-AF57-9653-22A78032D887">
<createdBy>Nikos</createdBy>
<createdTime>2018-07-14 17:42:57 UTC</createdTime>
<generatorID>1A87CD9E-4E99-129D-E563-8B34B3D05410</generatorID>
<ownerDesignName>lastdb</ownerDesignName>
<engineerTo>
<item key="68A96A85-76FF-5045-F9E6-B53510CE38A1" value="true"/>
<item key="A175D81E-EB64-7F2C-80E9-A32AF2113BE7" value="true"/>
</engineerTo>
<referedAttribute>77BB9A09-2D5F-102C-4E62-BBB98BABD13C</referedAttribute>
<useDomainConstraints>false</useDomainConstraints>
<use>1</use>
<logicalDatatype>LOGDT011</logicalDatatype>
<ownDataTypeParameters>,,</ownDataTypeParameters>
</Attribute>
</attributes>
<identifiers itemClass="oracle.dbtools.crest.model.design.logical.CandidateKey">
<identifier id="37830336-E77B-C3CE-1116-E9F835BF0287" name="Feedback PK">
<createdBy>Nikos</createdBy>
<createdTime>2018-07-14 17:39:39 UTC</createdTime>
<ownerDesignName>lastdb</ownerDesignName>
<engineerTo>
<item key="68A96A85-76FF-5045-F9E6-B53510CE38A1" value="true"/>
<item key="A175D81E-EB64-7F2C-80E9-A32AF2113BE7" value="true"/>
</engineerTo>
<pk>true</pk>
<usedAttributes>
<attributeRef>7D8C5D41-0C17-DEF2-38E7-24D3910F66AA</attributeRef>
</usedAttributes>
</identifier>
</identifiers>
</Entity>