<?xml version = '1.0' encoding = 'UTF-8'?>
<Entity class="oracle.dbtools.crest.model.design.logical.Entity" directorySegmentName="seg_0" id="B0268C7B-9734-DDEB-6C57-89DDAE2423DB" name="Orders">
<createdBy>Nikos</createdBy>
<createdTime>2018-07-13 19:17:12 UTC</createdTime>
<ownerDesignName>lastdb</ownerDesignName>
<engineerTo>
<item key="CF67EDA8-6CA8-B67B-A13B-8F6335DB0672" value="true"/>
<item key="0EA62AAE-3B3E-E0E6-D63C-4D12DB7CB626" value="true"/>
</engineerTo>
<adequatelyNormalized>NO</adequatelyNormalized>
<expectedVolumes>0</expectedVolumes>
<fwdEngineeringStrategyName>Single Table</fwdEngineeringStrategyName>
<growthPercent>0</growthPercent>
<growthType>Year</growthType>
<maxVolumes>9999999</maxVolumes>
<minVolumes>0</minVolumes>
<normalForm>Third</normalForm>
<attributes itemClass="oracle.dbtools.crest.model.design.logical.Attribute">
<Attribute name="no" id="3D7451D2-BB9F-152D-4240-FD6022CD759B">
<createdBy>Nikos</createdBy>
<createdTime>2018-08-03 20:13:46 UTC</createdTime>
<ownerDesignName>lastdb</ownerDesignName>
<engineerTo>
<item key="CF67EDA8-6CA8-B67B-A13B-8F6335DB0672" value="true"/>
<item key="0EA62AAE-3B3E-E0E6-D63C-4D12DB7CB626" value="true"/>
</engineerTo>
<useDomainConstraints>false</useDomainConstraints>
<use>1</use>
<logicalDatatype>LOGDT011</logicalDatatype>
<ownDataTypeParameters>,,</ownDataTypeParameters>
</Attribute>
<Attribute name="Id" id="674B4EA3-A6BB-0C41-735D-112948668BB2">
<createdBy>Nikos</createdBy>
<createdTime>2018-07-13 19:18:01 UTC</createdTime>
<generatorID>D1558EAF-D34A-EAE5-4738-71B517727F5A</generatorID>
<ownerDesignName>lastdb</ownerDesignName>
<engineerTo>
<item key="CF67EDA8-6CA8-B67B-A13B-8F6335DB0672" value="true"/>
<item key="0EA62AAE-3B3E-E0E6-D63C-4D12DB7CB626" value="true"/>
</engineerTo>
<referedAttribute>BA65FAF3-5D54-89C1-74D3-23C1B29D80D0</referedAttribute>
<useDomainConstraints>false</useDomainConstraints>
<use>1</use>
<logicalDatatype>LOGDT011</logicalDatatype>
<ownDataTypeParameters>,,</ownDataTypeParameters>
</Attribute>
<Attribute name="Id1" id="9FEACBA5-7D32-9899-B90D-2F9FA1CC27F4">
<createdBy>Nikos</createdBy>
<createdTime>2018-07-13 19:18:29 UTC</createdTime>
<generatorID>5F4AF3E8-5103-6531-DE05-84E8C62B8EAE</generatorID>
<ownerDesignName>lastdb</ownerDesignName>
<engineerTo>
<item key="CF67EDA8-6CA8-B67B-A13B-8F6335DB0672" value="true"/>
<item key="0EA62AAE-3B3E-E0E6-D63C-4D12DB7CB626" value="true"/>
</engineerTo>
<referedAttribute>FCD87408-60F4-1589-F254-E61616A9FA81</referedAttribute>
<useDomainConstraints>false</useDomainConstraints>
<use>1</use>
<logicalDatatype>LOGDT024</logicalDatatype>
<dataTypeSize>255</dataTypeSize>
<ownDataTypeParameters>255,,</ownDataTypeParameters>
</Attribute>
<Attribute name="Pr_Num" id="0C4D39A0-BFE3-938C-09C6-76767991156D">
<createdBy>Nikos</createdBy>
<createdTime>2018-07-13 19:28:59 UTC</createdTime>
<ownerDesignName>lastdb</ownerDesignName>
<engineerTo>
<item key="CF67EDA8-6CA8-B67B-A13B-8F6335DB0672" value="true"/>
<item key="0EA62AAE-3B3E-E0E6-D63C-4D12DB7CB626" value="true"/>
</engineerTo>
<useDomainConstraints>false</useDomainConstraints>
<use>1</use>
<logicalDatatype>LOGDT011</logicalDatatype>
<ownDataTypeParameters>,,</ownDataTypeParameters>
</Attribute>
<Attribute name="status" id="83DD298E-581C-1816-1200-E6816B9BEA0F">
<createdBy>Nikos</createdBy>
<createdTime>2018-08-03 20:14:16 UTC</createdTime>
<ownerDesignName>lastdb</ownerDesignName>
<engineerTo>
<item key="CF67EDA8-6CA8-B67B-A13B-8F6335DB0672" value="true"/>
<item key="0EA62AAE-3B3E-E0E6-D63C-4D12DB7CB626" value="true"/>
</engineerTo>
<nullsAllowed>true</nullsAllowed>
<useDomainConstraints>false</useDomainConstraints>
<use>1</use>
<logicalDatatype>LOGDT006</logicalDatatype>
<dataTypeSize>1</dataTypeSize>
<ownDataTypeParameters>1,,</ownDataTypeParameters>
</Attribute>
</attributes>
<identifiers itemClass="oracle.dbtools.crest.model.design.logical.CandidateKey">
<identifier id="A391445C-00F6-9032-D775-72E5EBAE5D41" name="Order PK">
<createdBy>Nikos</createdBy>
<createdTime>2018-08-03 20:14:08 UTC</createdTime>
<ownerDesignName>lastdb</ownerDesignName>
<engineerTo>
<item key="CF67EDA8-6CA8-B67B-A13B-8F6335DB0672" value="true"/>
<item key="0EA62AAE-3B3E-E0E6-D63C-4D12DB7CB626" value="true"/>
</engineerTo>
<pk>true</pk>
<usedAttributes>
<attributeRef>3D7451D2-BB9F-152D-4240-FD6022CD759B</attributeRef>
</usedAttributes>
</identifier>
</identifiers>
</Entity>