<?xml version = '1.0' encoding = 'UTF-8'?>
<Entity class="oracle.dbtools.crest.model.design.logical.Entity" directorySegmentName="seg_0" id="D733DF93-17EA-FBDC-0A81-BD88AAD8FAD5" name="Consumer">
<createdBy>Nikos</createdBy>
<createdTime>2018-07-13 19:05:01 UTC</createdTime>
<ownerDesignName>lastdb</ownerDesignName>
<engineerTo>
<item key="C253F1C0-5FBD-448A-D729-3BAA86B7E115" value="true"/>
</engineerTo>
<adequatelyNormalized>NO</adequatelyNormalized>
<expectedVolumes>0</expectedVolumes>
<fwdEngineeringStrategyName>Single Table</fwdEngineeringStrategyName>
<growthPercent>0</growthPercent>
<growthType>Year</growthType>
<maxVolumes>9999999</maxVolumes>
<minVolumes>0</minVolumes>
<normalForm>Third</normalForm>
<attributes itemClass="oracle.dbtools.crest.model.design.logical.Attribute">
<Attribute name="Id" id="77BB9A09-2D5F-102C-4E62-BBB98BABD13C">
<createdBy>Nikos</createdBy>
<createdTime>2018-07-13 19:05:10 UTC</createdTime>
<ownerDesignName>lastdb</ownerDesignName>
<engineerTo>
<item key="C253F1C0-5FBD-448A-D729-3BAA86B7E115" value="true"/>
</engineerTo>
<useDomainConstraints>false</useDomainConstraints>
<use>1</use>
<logicalDatatype>LOGDT011</logicalDatatype>
<ownDataTypeParameters>,,</ownDataTypeParameters>
</Attribute>
<Attribute name="Name" id="AD8EEE8F-FEC3-DA70-5524-326EE7C45CC6">
<createdBy>Nikos</createdBy>
<createdTime>2018-07-13 19:05:22 UTC</createdTime>
<ownerDesignName>lastdb</ownerDesignName>
<engineerTo>
<item key="C253F1C0-5FBD-448A-D729-3BAA86B7E115" value="true"/>
</engineerTo>
<nullsAllowed>true</nullsAllowed>
<useDomainConstraints>false</useDomainConstraints>
<use>1</use>
<logicalDatatype>LOGDT024</logicalDatatype>
<dataTypeSize>255</dataTypeSize>
<ownDataTypeParameters>255,,</ownDataTypeParameters>
</Attribute>
<Attribute name="Surname" id="260937A2-C41B-75FF-61DA-6274D7F87FA3">
<createdBy>Nikos</createdBy>
<createdTime>2018-07-13 19:05:34 UTC</createdTime>
<ownerDesignName>lastdb</ownerDesignName>
<engineerTo>
<item key="C253F1C0-5FBD-448A-D729-3BAA86B7E115" value="true"/>
</engineerTo>
<nullsAllowed>true</nullsAllowed>
<useDomainConstraints>false</useDomainConstraints>
<use>1</use>
<logicalDatatype>LOGDT024</logicalDatatype>
<dataTypeSize>255</dataTypeSize>
<ownDataTypeParameters>255,,</ownDataTypeParameters>
</Attribute>
<Attribute name="Email" id="261FDA72-4C2A-64FA-918E-F7915D4C0235">
<createdBy>Nikos</createdBy>
<createdTime>2018-07-13 19:05:43 UTC</createdTime>
<ownerDesignName>lastdb</ownerDesignName>
<engineerTo>
<item key="C253F1C0-5FBD-448A-D729-3BAA86B7E115" value="true"/>
</engineerTo>
<nullsAllowed>true</nullsAllowed>
<useDomainConstraints>false</useDomainConstraints>
<use>1</use>
<logicalDatatype>LOGDT024</logicalDatatype>
<dataTypeSize>255</dataTypeSize>
<ownDataTypeParameters>255,,</ownDataTypeParameters>
</Attribute>
<Attribute name="Address" id="AD7DBEB7-8C43-A97A-21BB-E33859804961">
<createdBy>Nikos</createdBy>
<createdTime>2018-07-13 19:06:10 UTC</createdTime>
<ownerDesignName>lastdb</ownerDesignName>
<engineerTo>
<item key="C253F1C0-5FBD-448A-D729-3BAA86B7E115" value="true"/>
</engineerTo>
<nullsAllowed>true</nullsAllowed>
<useDomainConstraints>false</useDomainConstraints>
<use>1</use>
<logicalDatatype>LOGDT024</logicalDatatype>
<dataTypeSize>255</dataTypeSize>
<ownDataTypeParameters>255,,</ownDataTypeParameters>
</Attribute>
<Attribute name="Phone" id="135B8324-1582-5D01-3130-365D941216C7">
<createdBy>Nikos</createdBy>
<createdTime>2018-07-13 19:06:24 UTC</createdTime>
<ownerDesignName>lastdb</ownerDesignName>
<engineerTo>
<item key="C253F1C0-5FBD-448A-D729-3BAA86B7E115" value="true"/>
</engineerTo>
<nullsAllowed>true</nullsAllowed>
<useDomainConstraints>false</useDomainConstraints>
<use>1</use>
<logicalDatatype>LOGDT011</logicalDatatype>
<ownDataTypeParameters>,,</ownDataTypeParameters>
</Attribute>
<Attribute name="Credit_Card" id="E733348B-28DF-AE43-E050-ADC75DAB4CDC">
<createdBy>Nikos</createdBy>
<createdTime>2018-07-13 19:06:32 UTC</createdTime>
<ownerDesignName>lastdb</ownerDesignName>
<engineerTo>
<item key="C253F1C0-5FBD-448A-D729-3BAA86B7E115" value="true"/>
</engineerTo>
<nullsAllowed>true</nullsAllowed>
<useDomainConstraints>false</useDomainConstraints>
<use>1</use>
<logicalDatatype>LOGDT024</logicalDatatype>
<dataTypeSize>255</dataTypeSize>
<ownDataTypeParameters>255,,</ownDataTypeParameters>
</Attribute>
<Attribute name="Password" id="611704F2-2610-CAB6-2BB7-5933B0F29D9F">
<createdBy>Nikos</createdBy>
<createdTime>2018-07-13 19:06:47 UTC</createdTime>
<ownerDesignName>lastdb</ownerDesignName>
<engineerTo>
<item key="C253F1C0-5FBD-448A-D729-3BAA86B7E115" value="true"/>
</engineerTo>
<nullsAllowed>true</nullsAllowed>
<useDomainConstraints>false</useDomainConstraints>
<use>1</use>
<logicalDatatype>LOGDT024</logicalDatatype>
<dataTypeSize>255</dataTypeSize>
<ownDataTypeParameters>255,,</ownDataTypeParameters>
</Attribute>
<Attribute name="Expenses" id="EB4F96B6-4C47-00B9-EED8-90C88FC9AE38">
<createdBy>Nikos</createdBy>
<createdTime>2018-07-30 19:44:28 UTC</createdTime>
<ownerDesignName>lastdb</ownerDesignName>
<engineerTo>
<item key="C253F1C0-5FBD-448A-D729-3BAA86B7E115" value="true"/>
</engineerTo>
<useDomainConstraints>false</useDomainConstraints>
<use>1</use>
<logicalDatatype>LOGDT021</logicalDatatype>
<ownDataTypeParameters>,,</ownDataTypeParameters>
</Attribute>
</attributes>
<identifiers itemClass="oracle.dbtools.crest.model.design.logical.CandidateKey">
<identifier id="BC5650F1-2E42-BF67-45E0-047262A21553" name="Consumer PK">
<createdBy>Nikos</createdBy>
<createdTime>2018-07-13 19:05:20 UTC</createdTime>
<ownerDesignName>lastdb</ownerDesignName>
<engineerTo>
<item key="C253F1C0-5FBD-448A-D729-3BAA86B7E115" value="true"/>
</engineerTo>
<pk>true</pk>
<usedAttributes>
<attributeRef>77BB9A09-2D5F-102C-4E62-BBB98BABD13C</attributeRef>
</usedAttributes>
</identifier>
</identifiers>
</Entity>