<?xml version = '1.0' encoding = 'UTF-8'?>
<FKIndexAssociation class="oracle.dbtools.crest.model.design.relational.FKIndexAssociation" directorySegmentName="seg_0" id="53680BAF-3FD0-6D19-6604-59918A5C6743" containerWithKeyObject="FF82D30B-D802-CD26-75D8-AC424F147AC1" localFKIndex="D9E3D6FA-D3F9-3B0E-7159-CE9589185D8F" name="Feedback_Consumer_FK">
<createdBy>Nikos</createdBy>
<createdTime>2018-08-04 16:37:13 UTC</createdTime>
<generatorID>1A87CD9E-4E99-129D-E563-8B34B3D05410</generatorID>
<ownerDesignName>lastdb</ownerDesignName>
<referredTableLongName>Consumer</referredTableLongName>
<deleteRule>NO ACTION</deleteRule>
<referredTableID>9BD047D5-81EB-A74A-88E8-77187E76544C</referredTableID>
<keyObject>AAEEC538-BC6E-A860-5689-98CA02533960</keyObject>
<referredKeyID>AAEEC538-BC6E-A860-5689-98CA02533960</referredKeyID>
<mandatory>true</mandatory>
<refColNames>Id</refColNames>
<transferable>true</transferable>
<rely>false</rely>
<columnDependencyConstraintGenerateInDDL>true</columnDependencyConstraintGenerateInDDL>
</FKIndexAssociation>