<?xml version = '1.0' encoding = 'UTF-8'?>
<FKIndexAssociation class="oracle.dbtools.crest.model.design.relational.FKIndexAssociation" directorySegmentName="seg_0" id="53C4F0F4-5E1B-A1FD-55FA-5327EC56A2AB" containerWithKeyObject="71414406-B5CD-E0C8-2327-279232D0409C" localFKIndex="9106C7A1-8635-2DEC-F0F3-744D8C00FFF4" name="Orders_Basket_FK">
<createdBy>Nikos</createdBy>
<createdTime>2018-08-04 16:37:13 UTC</createdTime>
<generatorID>D1558EAF-D34A-EAE5-4738-71B517727F5A</generatorID>
<ownerDesignName>lastdb</ownerDesignName>
<referredTableLongName>Basket</referredTableLongName>
<deleteRule>NO ACTION</deleteRule>
<referredTableID>A75867E1-0166-F862-DDA4-C4D5FE0C28E8</referredTableID>
<keyObject>E225038B-6B2F-A0AA-676F-3B484719E3CA</keyObject>
<referredKeyID>E225038B-6B2F-A0AA-676F-3B484719E3CA</referredKeyID>
<mandatory>true</mandatory>
<refColNames>Id</refColNames>
<transferable>true</transferable>
<rely>false</rely>
<columnDependencyConstraintGenerateInDDL>true</columnDependencyConstraintGenerateInDDL>
</FKIndexAssociation>