<?xml version = '1.0' encoding = 'UTF-8'?>
<FKIndexAssociation class="oracle.dbtools.crest.model.design.relational.FKIndexAssociation" directorySegmentName="seg_0" id="D97B48ED-FEDE-9E02-C97B-2CA002046706" containerWithKeyObject="A75867E1-0166-F862-DDA4-C4D5FE0C28E8" localFKIndex="4149182E-5F94-EB55-ACCE-ECD3F87AFAE4" name="Basket_Consumer_FK">
<createdBy>Nikos</createdBy>
<createdTime>2018-08-04 16:37:12 UTC</createdTime>
<generatorID>B27BF26B-8793-E791-618D-D8E3B1839A58</generatorID>
<ownerDesignName>lastdb</ownerDesignName>
<referredTableLongName>Consumer</referredTableLongName>
<deleteRule>NO ACTION</deleteRule>
<referredTableID>9BD047D5-81EB-A74A-88E8-77187E76544C</referredTableID>
<keyObject>AAEEC538-BC6E-A860-5689-98CA02533960</keyObject>
<referredKeyID>AAEEC538-BC6E-A860-5689-98CA02533960</referredKeyID>
<mandatory>true</mandatory>
<refColNames>Id</refColNames>
<transferable>true</transferable>
<rely>false</rely>
<columnDependencyConstraintGenerateInDDL>true</columnDependencyConstraintGenerateInDDL>
</FKIndexAssociation>