<?xml version = '1.0' encoding = 'UTF-8'?>
<FKIndexAssociation class="oracle.dbtools.crest.model.design.relational.FKIndexAssociation" directorySegmentName="seg_0" id="F51536D8-74B6-20C5-3CA9-A55811C87850" containerWithKeyObject="71414406-B5CD-E0C8-2327-279232D0409C" localFKIndex="1E508432-D009-25C1-AF5B-AAE83A104B60" name="Orders_Products_FK">
<createdBy>Nikos</createdBy>
<createdTime>2018-08-04 16:37:13 UTC</createdTime>
<generatorID>5F4AF3E8-5103-6531-DE05-84E8C62B8EAE</generatorID>
<ownerDesignName>lastdb</ownerDesignName>
<referredTableLongName>Products</referredTableLongName>
<deleteRule>NO ACTION</deleteRule>
<referredTableID>014794E6-1EBD-327C-37B5-9689983BC46C</referredTableID>
<keyObject>E6DB3A82-85FD-1587-8D8C-CD695494FA25</keyObject>
<referredKeyID>E6DB3A82-85FD-1587-8D8C-CD695494FA25</referredKeyID>
<mandatory>true</mandatory>
<refColNames>Id</refColNames>
<transferable>true</transferable>
<rely>false</rely>
<columnDependencyConstraintGenerateInDDL>true</columnDependencyConstraintGenerateInDDL>
</FKIndexAssociation>