<?xml version = '1.0' encoding = 'UTF-8'?>
<Table class="oracle.dbtools.crest.model.design.relational.Table" directorySegmentName="seg_0" id="71414406-B5CD-E0C8-2327-279232D0409C" name="Orders">
<createdBy>Nikos</createdBy>
<createdTime>2018-08-04 16:37:12 UTC</createdTime>
<generatorID>B0268C7B-9734-DDEB-6C57-89DDAE2423DB</generatorID>
<ownerDesignName>lastdb</ownerDesignName>
<allowColumnReorder>false</allowColumnReorder>
<existDependencyGenerateInDDl>true</existDependencyGenerateInDDl>
<parsed>true</parsed>
<columns itemClass="oracle.dbtools.crest.model.design.relational.Column">
<Column name="no" id="53D2BAE9-26C0-C253-E645-7E55DC8D92F7">
<createdBy>Nikos</createdBy>
<createdTime>2018-08-04 16:37:12 UTC</createdTime>
<generatorID>3D7451D2-BB9F-152D-4240-FD6022CD759B</generatorID>
<ownerDesignName>lastdb</ownerDesignName>
<useDomainConstraints>false</useDomainConstraints>
<use>1</use>
<logicalDatatype>LOGDT011</logicalDatatype>
<ownDataTypeParameters>,,</ownDataTypeParameters>
<autoIncrementCycle>false</autoIncrementCycle>
</Column>
<Column name="Basket_Id" id="49619C42-1994-0AC0-8DE1-FBA2A32B76D9">
<createdBy>Nikos</createdBy>
<createdTime>2018-08-04 16:37:12 UTC</createdTime>
<generatorID>674B4EA3-A6BB-0C41-735D-112948668BB2</generatorID>
<ownerDesignName>lastdb</ownerDesignName>
<useDomainConstraints>false</useDomainConstraints>
<use>1</use>
<logicalDatatype>LOGDT011</logicalDatatype>
<ownDataTypeParameters>,,</ownDataTypeParameters>
<previousColumn>false</previousColumn>
<autoIncrementCycle>false</autoIncrementCycle>
<associations>
<colAssociation fkAssociation="53C4F0F4-5E1B-A1FD-55FA-5327EC56A2AB" referredColumn="2657B261-F901-A3CB-7DF5-FC25E443F178"/>
</associations>
</Column>
<Column name="Products_Id" id="2ED78B7B-D55F-833F-1FCB-1ED8DA19128F">
<createdBy>Nikos</createdBy>
<createdTime>2018-08-04 16:37:12 UTC</createdTime>
<generatorID>9FEACBA5-7D32-9899-B90D-2F9FA1CC27F4</generatorID>
<ownerDesignName>lastdb</ownerDesignName>
<useDomainConstraints>false</useDomainConstraints>
<use>1</use>
<logicalDatatype>LOGDT024</logicalDatatype>
<dataTypeSize>255</dataTypeSize>
<ownDataTypeParameters>,,</ownDataTypeParameters>
<previousColumn>false</previousColumn>
<autoIncrementCycle>false</autoIncrementCycle>
<associations>
<colAssociation fkAssociation="F51536D8-74B6-20C5-3CA9-A55811C87850" referredColumn="1F931221-2AE6-A57F-D9F9-F428AF656779"/>
</associations>
</Column>
<Column name="Pr_Num" id="D6816257-6D18-D4DD-D6E0-E517A17B72BF">
<createdBy>Nikos</createdBy>
<createdTime>2018-08-04 16:37:12 UTC</createdTime>
<generatorID>0C4D39A0-BFE3-938C-09C6-76767991156D</generatorID>
<ownerDesignName>lastdb</ownerDesignName>
<useDomainConstraints>false</useDomainConstraints>
<use>1</use>
<logicalDatatype>LOGDT011</logicalDatatype>
<ownDataTypeParameters>,,</ownDataTypeParameters>
<autoIncrementCycle>false</autoIncrementCycle>
</Column>
<Column name="status" id="9EEE49E7-676B-C102-CA96-2FAC059791AD">
<createdBy>Nikos</createdBy>
<createdTime>2018-08-04 16:37:12 UTC</createdTime>
<generatorID>83DD298E-581C-1816-1200-E6816B9BEA0F</generatorID>
<ownerDesignName>lastdb</ownerDesignName>
<nullsAllowed>true</nullsAllowed>
<useDomainConstraints>false</useDomainConstraints>
<use>1</use>
<logicalDatatype>LOGDT006</logicalDatatype>
<dataTypeSize>1</dataTypeSize>
<ownDataTypeParameters>1,,</ownDataTypeParameters>
<autoIncrementCycle>false</autoIncrementCycle>
</Column>
</columns>
<indexes itemClass="oracle.dbtools.crest.model.design.relational.Index">
<ind_PK_UK id="4CFD27EB-295B-42C6-EF7B-F9B6C064DA10" name="Orders_PK">
<createdBy>Nikos</createdBy>
<createdTime>2018-08-04 16:37:12 UTC</createdTime>
<generatorID>A391445C-00F6-9032-D775-72E5EBAE5D41</generatorID>
<ownerDesignName>lastdb</ownerDesignName>
<pk>true</pk>
<indexState>Primary Constraint</indexState>
<isSurrogateKey>false</isSurrogateKey>
<indexColumnUsage>
<colUsage columnID="53D2BAE9-26C0-C253-E645-7E55DC8D92F7"/>
</indexColumnUsage>
</ind_PK_UK>
<ind_PK_UK id="9106C7A1-8635-2DEC-F0F3-744D8C00FFF4" name="Orders_Basket_FK">
<createdBy>Nikos</createdBy>
<createdTime>2018-08-04 16:37:13 UTC</createdTime>
<generatorID>D1558EAF-D34A-EAE5-4738-71B517727F5A</generatorID>
<ownerDesignName>lastdb</ownerDesignName>
<indexState>Foreign Key</indexState>
<isSurrogateKey>false</isSurrogateKey>
<indexColumnUsage>
<colUsage columnID="49619C42-1994-0AC0-8DE1-FBA2A32B76D9"/>
</indexColumnUsage>
</ind_PK_UK>
<ind_PK_UK id="1E508432-D009-25C1-AF5B-AAE83A104B60" name="Orders_Products_FK">
<createdBy>Nikos</createdBy>
<createdTime>2018-08-04 16:37:13 UTC</createdTime>
<generatorID>5F4AF3E8-5103-6531-DE05-84E8C62B8EAE</generatorID>
<ownerDesignName>lastdb</ownerDesignName>
<indexState>Foreign Key</indexState>
<isSurrogateKey>false</isSurrogateKey>
<indexColumnUsage>
<colUsage columnID="2ED78B7B-D55F-833F-1FCB-1ED8DA19128F"/>
</indexColumnUsage>
</ind_PK_UK>
</indexes>
</Table>