<?xml version = '1.0' encoding = 'UTF-8'?>
<Table class="oracle.dbtools.crest.model.design.relational.Table" directorySegmentName="seg_0" id="9BD047D5-81EB-A74A-88E8-77187E76544C" name="Consumer">
<createdBy>Nikos</createdBy>
<createdTime>2018-08-04 16:37:12 UTC</createdTime>
<generatorID>D733DF93-17EA-FBDC-0A81-BD88AAD8FAD5</generatorID>
<ownerDesignName>lastdb</ownerDesignName>
<allowColumnReorder>false</allowColumnReorder>
<existDependencyGenerateInDDl>true</existDependencyGenerateInDDl>
<parsed>true</parsed>
<columns itemClass="oracle.dbtools.crest.model.design.relational.Column">
<Column name="Id" id="BC804BF4-54EA-89E4-A79D-5F6CFEDA3C56">
<createdBy>Nikos</createdBy>
<createdTime>2018-08-04 16:37:12 UTC</createdTime>
<generatorID>77BB9A09-2D5F-102C-4E62-BBB98BABD13C</generatorID>
<ownerDesignName>lastdb</ownerDesignName>
<useDomainConstraints>false</useDomainConstraints>
<use>1</use>
<logicalDatatype>LOGDT011</logicalDatatype>
<ownDataTypeParameters>,,</ownDataTypeParameters>
<autoIncrementCycle>false</autoIncrementCycle>
</Column>
<Column name="Name" id="65393C56-EA05-53D7-DB16-74DB93E7711F">
<createdBy>Nikos</createdBy>
<createdTime>2018-08-04 16:37:12 UTC</createdTime>
<generatorID>AD8EEE8F-FEC3-DA70-5524-326EE7C45CC6</generatorID>
<ownerDesignName>lastdb</ownerDesignName>
<nullsAllowed>true</nullsAllowed>
<useDomainConstraints>false</useDomainConstraints>
<use>1</use>
<logicalDatatype>LOGDT024</logicalDatatype>
<dataTypeSize>255</dataTypeSize>
<ownDataTypeParameters>255,,</ownDataTypeParameters>
<autoIncrementCycle>false</autoIncrementCycle>
</Column>
<Column name="Surname" id="11AB1ABD-22B5-3563-FC2A-8FB0819E3FB5">
<createdBy>Nikos</createdBy>
<createdTime>2018-08-04 16:37:12 UTC</createdTime>
<generatorID>260937A2-C41B-75FF-61DA-6274D7F87FA3</generatorID>
<ownerDesignName>lastdb</ownerDesignName>
<nullsAllowed>true</nullsAllowed>
<useDomainConstraints>false</useDomainConstraints>
<use>1</use>
<logicalDatatype>LOGDT024</logicalDatatype>
<dataTypeSize>255</dataTypeSize>
<ownDataTypeParameters>255,,</ownDataTypeParameters>
<autoIncrementCycle>false</autoIncrementCycle>
</Column>
<Column name="Email" id="8CAE7C54-3385-AD79-90D2-73DC5E438200">
<createdBy>Nikos</createdBy>
<createdTime>2018-08-04 16:37:12 UTC</createdTime>
<generatorID>261FDA72-4C2A-64FA-918E-F7915D4C0235</generatorID>
<ownerDesignName>lastdb</ownerDesignName>
<nullsAllowed>true</nullsAllowed>
<useDomainConstraints>false</useDomainConstraints>
<use>1</use>
<logicalDatatype>LOGDT024</logicalDatatype>
<dataTypeSize>255</dataTypeSize>
<ownDataTypeParameters>255,,</ownDataTypeParameters>
<autoIncrementCycle>false</autoIncrementCycle>
</Column>
<Column name="Address" id="B71B7305-DEB1-FE60-DBAF-926885E82735">
<createdBy>Nikos</createdBy>
<createdTime>2018-08-04 16:37:12 UTC</createdTime>
<generatorID>AD7DBEB7-8C43-A97A-21BB-E33859804961</generatorID>
<ownerDesignName>lastdb</ownerDesignName>
<nullsAllowed>true</nullsAllowed>
<useDomainConstraints>false</useDomainConstraints>
<use>1</use>
<logicalDatatype>LOGDT024</logicalDatatype>
<dataTypeSize>255</dataTypeSize>
<ownDataTypeParameters>255,,</ownDataTypeParameters>
<autoIncrementCycle>false</autoIncrementCycle>
</Column>
<Column name="Phone" id="DDD8BCE1-C88F-FA47-57BA-773B4EE2BEAD">
<createdBy>Nikos</createdBy>
<createdTime>2018-08-04 16:37:12 UTC</createdTime>
<generatorID>135B8324-1582-5D01-3130-365D941216C7</generatorID>
<ownerDesignName>lastdb</ownerDesignName>
<nullsAllowed>true</nullsAllowed>
<useDomainConstraints>false</useDomainConstraints>
<use>1</use>
<logicalDatatype>LOGDT011</logicalDatatype>
<ownDataTypeParameters>,,</ownDataTypeParameters>
<autoIncrementCycle>false</autoIncrementCycle>
</Column>
<Column name="Credit_Card" id="64779EB7-CFE5-6DCE-9CDD-8977D8D65BB7">
<createdBy>Nikos</createdBy>
<createdTime>2018-08-04 16:37:12 UTC</createdTime>
<generatorID>E733348B-28DF-AE43-E050-ADC75DAB4CDC</generatorID>
<ownerDesignName>lastdb</ownerDesignName>
<nullsAllowed>true</nullsAllowed>
<useDomainConstraints>false</useDomainConstraints>
<use>1</use>
<logicalDatatype>LOGDT024</logicalDatatype>
<dataTypeSize>255</dataTypeSize>
<ownDataTypeParameters>255,,</ownDataTypeParameters>
<autoIncrementCycle>false</autoIncrementCycle>
</Column>
<Column name="Password" id="4D7C517E-EB51-B97E-1CA6-DE56BC260FD7">
<createdBy>Nikos</createdBy>
<createdTime>2018-08-04 16:37:12 UTC</createdTime>
<generatorID>611704F2-2610-CAB6-2BB7-5933B0F29D9F</generatorID>
<ownerDesignName>lastdb</ownerDesignName>
<nullsAllowed>true</nullsAllowed>
<useDomainConstraints>false</useDomainConstraints>
<use>1</use>
<logicalDatatype>LOGDT024</logicalDatatype>
<dataTypeSize>255</dataTypeSize>
<ownDataTypeParameters>255,,</ownDataTypeParameters>
<autoIncrementCycle>false</autoIncrementCycle>
</Column>
<Column name="Expenses" id="23B4DB7E-F30A-5673-2EE6-0BACD2F943ED">
<createdBy>Nikos</createdBy>
<createdTime>2018-08-04 16:37:12 UTC</createdTime>
<generatorID>EB4F96B6-4C47-00B9-EED8-90C88FC9AE38</generatorID>
<ownerDesignName>lastdb</ownerDesignName>
<useDomainConstraints>false</useDomainConstraints>
<use>1</use>
<logicalDatatype>LOGDT021</logicalDatatype>
<ownDataTypeParameters>,,</ownDataTypeParameters>
<autoIncrementCycle>false</autoIncrementCycle>
</Column>
</columns>
<indexes itemClass="oracle.dbtools.crest.model.design.relational.Index">
<ind_PK_UK id="AAEEC538-BC6E-A860-5689-98CA02533960" name="Consumer_PK">
<createdBy>Nikos</createdBy>
<createdTime>2018-08-04 16:37:12 UTC</createdTime>
<generatorID>BC5650F1-2E42-BF67-45E0-047262A21553</generatorID>
<ownerDesignName>lastdb</ownerDesignName>
<pk>true</pk>
<indexState>Primary Constraint</indexState>
<isSurrogateKey>false</isSurrogateKey>
<indexColumnUsage>
<colUsage columnID="BC804BF4-54EA-89E4-A79D-5F6CFEDA3C56"/>
</indexColumnUsage>
</ind_PK_UK>
</indexes>
</Table>