<?xml version = '1.0' encoding = 'UTF-8'?>
<Table class="oracle.dbtools.crest.model.design.relational.Table" directorySegmentName="seg_0" id="A75867E1-0166-F862-DDA4-C4D5FE0C28E8" name="Basket">
<createdBy>Nikos</createdBy>
<createdTime>2018-08-04 16:37:12 UTC</createdTime>
<generatorID>8BBC52E4-73C6-CEDB-6285-5C5730C21100</generatorID>
<ownerDesignName>lastdb</ownerDesignName>
<allowColumnReorder>false</allowColumnReorder>
<existDependencyGenerateInDDl>true</existDependencyGenerateInDDl>
<parsed>true</parsed>
<columns itemClass="oracle.dbtools.crest.model.design.relational.Column">
<Column name="Id" id="2657B261-F901-A3CB-7DF5-FC25E443F178">
<createdBy>Nikos</createdBy>
<createdTime>2018-08-04 16:37:12 UTC</createdTime>
<generatorID>BA65FAF3-5D54-89C1-74D3-23C1B29D80D0</generatorID>
<ownerDesignName>lastdb</ownerDesignName>
<useDomainConstraints>false</useDomainConstraints>
<use>1</use>
<logicalDatatype>LOGDT011</logicalDatatype>
<ownDataTypeParameters>,,</ownDataTypeParameters>
<autoIncrementCycle>false</autoIncrementCycle>
</Column>
<Column name="Consumer_Id" id="54433024-526B-FFD5-8781-B994C2D69238">
<createdBy>Nikos</createdBy>
<createdTime>2018-08-04 16:37:12 UTC</createdTime>
<generatorID>CFB4C620-5500-DC69-B3AD-A3047B624093</generatorID>
<ownerDesignName>lastdb</ownerDesignName>
<useDomainConstraints>false</useDomainConstraints>
<use>1</use>
<logicalDatatype>LOGDT011</logicalDatatype>
<ownDataTypeParameters>,,</ownDataTypeParameters>
<previousColumn>false</previousColumn>
<autoIncrementCycle>false</autoIncrementCycle>
<associations>
<colAssociation fkAssociation="D97B48ED-FEDE-9E02-C97B-2CA002046706" referredColumn="BC804BF4-54EA-89E4-A79D-5F6CFEDA3C56"/>
</associations>
</Column>
<Column name="Total_Price" id="96992954-182A-6A35-455A-A39482888F3D">
<createdBy>Nikos</createdBy>
<createdTime>2018-08-04 16:37:12 UTC</createdTime>
<generatorID>F40DACB6-82CD-B53B-850D-AA0C1F0CB03D</generatorID>
<ownerDesignName>lastdb</ownerDesignName>
<useDomainConstraints>false</useDomainConstraints>
<use>1</use>
<logicalDatatype>LOGDT021</logicalDatatype>
<ownDataTypeParameters>,,</ownDataTypeParameters>
<autoIncrementCycle>false</autoIncrementCycle>
</Column>
<Column name="Budget" id="95EFB724-0474-262E-0618-032E56E2F441">
<createdBy>Nikos</createdBy>
<createdTime>2018-08-04 16:37:12 UTC</createdTime>
<generatorID>D197593A-54ED-250D-CF46-711E916E0645</generatorID>
<ownerDesignName>lastdb</ownerDesignName>
<nullsAllowed>true</nullsAllowed>
<useDomainConstraints>false</useDomainConstraints>
<use>1</use>
<logicalDatatype>LOGDT021</logicalDatatype>
<ownDataTypeParameters>,,</ownDataTypeParameters>
<autoIncrementCycle>false</autoIncrementCycle>
</Column>
</columns>
<indexes itemClass="oracle.dbtools.crest.model.design.relational.Index">
<ind_PK_UK id="E225038B-6B2F-A0AA-676F-3B484719E3CA" name="Basket_PK">
<createdBy>Nikos</createdBy>
<createdTime>2018-08-04 16:37:12 UTC</createdTime>
<generatorID>9254FA3B-CAA2-B450-EC25-048417A3ACF9</generatorID>
<ownerDesignName>lastdb</ownerDesignName>
<pk>true</pk>
<indexState>Primary Constraint</indexState>
<isSurrogateKey>false</isSurrogateKey>
<indexColumnUsage>
<colUsage columnID="2657B261-F901-A3CB-7DF5-FC25E443F178"/>
</indexColumnUsage>
</ind_PK_UK>
<ind_PK_UK id="C5C7E20F-DE4A-4FA5-E5E5-691C02785B79" name="Basket__IDX">
<createdBy>Nikos</createdBy>
<createdTime>2018-08-04 16:37:13 UTC</createdTime>
<ownerDesignName>lastdb</ownerDesignName>
<indexState>Unique Plain Index</indexState>
<isSurrogateKey>false</isSurrogateKey>
<relationGeneratorID>B27BF26B-8793-E791-618D-D8E3B1839A58</relationGeneratorID>
<indexColumnUsage>
<colUsage columnID="54433024-526B-FFD5-8781-B994C2D69238"/>
</indexColumnUsage>
</ind_PK_UK>
<ind_PK_UK id="4149182E-5F94-EB55-ACCE-ECD3F87AFAE4" name="Basket_Consumer_FK">
<createdBy>Nikos</createdBy>
<createdTime>2018-08-04 16:37:12 UTC</createdTime>
<generatorID>B27BF26B-8793-E791-618D-D8E3B1839A58</generatorID>
<ownerDesignName>lastdb</ownerDesignName>
<indexState>Foreign Key</indexState>
<isSurrogateKey>false</isSurrogateKey>
<indexColumnUsage>
<colUsage columnID="54433024-526B-FFD5-8781-B994C2D69238"/>
</indexColumnUsage>
</ind_PK_UK>
</indexes>
</Table>