<?xml version = '1.0' encoding = 'UTF-8'?>
<Table class="oracle.dbtools.crest.model.design.relational.Table" directorySegmentName="seg_0" id="FF82D30B-D802-CD26-75D8-AC424F147AC1" name="Feedback">
<createdBy>Nikos</createdBy>
<createdTime>2018-08-04 16:37:12 UTC</createdTime>
<generatorID>92480E7F-4C25-1343-747A-418E59CE692F</generatorID>
<ownerDesignName>lastdb</ownerDesignName>
<allowColumnReorder>false</allowColumnReorder>
<existDependencyGenerateInDDl>true</existDependencyGenerateInDDl>
<parsed>true</parsed>
<columns itemClass="oracle.dbtools.crest.model.design.relational.Column">
<Column name="Id" id="1B142165-5FA3-8BFF-9C09-969968A443E5">
<createdBy>Nikos</createdBy>
<createdTime>2018-08-04 16:37:12 UTC</createdTime>
<generatorID>7D8C5D41-0C17-DEF2-38E7-24D3910F66AA</generatorID>
<ownerDesignName>lastdb</ownerDesignName>
<useDomainConstraints>false</useDomainConstraints>
<use>1</use>
<logicalDatatype>LOGDT011</logicalDatatype>
<ownDataTypeParameters>,,</ownDataTypeParameters>
<autoIncrementCycle>false</autoIncrementCycle>
</Column>
<Column name="q1" id="09A9D5F4-2B38-26BC-A3FB-35B7D4B3965D">
<createdBy>Nikos</createdBy>
<createdTime>2018-08-04 16:37:12 UTC</createdTime>
<generatorID>861A6F29-B15B-79B6-0F41-8A9C4C2A8A43</generatorID>
<ownerDesignName>lastdb</ownerDesignName>
<nullsAllowed>true</nullsAllowed>
<useDomainConstraints>false</useDomainConstraints>
<use>1</use>
<logicalDatatype>LOGDT011</logicalDatatype>
<ownDataTypeParameters>,,</ownDataTypeParameters>
<autoIncrementCycle>false</autoIncrementCycle>
</Column>
<Column name="q2" id="4F777F30-61BC-705D-E1F7-03506B227A1C">
<createdBy>Nikos</createdBy>
<createdTime>2018-08-04 16:37:12 UTC</createdTime>
<generatorID>39B8804E-EBA3-F421-D653-07256DEC9299</generatorID>
<ownerDesignName>lastdb</ownerDesignName>
<nullsAllowed>true</nullsAllowed>
<useDomainConstraints>false</useDomainConstraints>
<use>1</use>
<logicalDatatype>LOGDT011</logicalDatatype>
<ownDataTypeParameters>,,</ownDataTypeParameters>
<autoIncrementCycle>false</autoIncrementCycle>
</Column>
<Column name="q3" id="E67A595A-7935-EC47-857F-B46CFFAC7E57">
<createdBy>Nikos</createdBy>
<createdTime>2018-08-04 16:37:12 UTC</createdTime>
<generatorID>EE83F5BA-2FA8-1960-B752-CCFC9F238102</generatorID>
<ownerDesignName>lastdb</ownerDesignName>
<nullsAllowed>true</nullsAllowed>
<useDomainConstraints>false</useDomainConstraints>
<use>1</use>
<logicalDatatype>LOGDT011</logicalDatatype>
<ownDataTypeParameters>,,</ownDataTypeParameters>
<autoIncrementCycle>false</autoIncrementCycle>
</Column>
<Column name="q4" id="76D56CCA-C22F-0D15-C8BA-ED63AD69376F">
<createdBy>Nikos</createdBy>
<createdTime>2018-08-04 16:37:12 UTC</createdTime>
<generatorID>A5EF3099-D9F8-A131-818B-B41ACA0191F4</generatorID>
<ownerDesignName>lastdb</ownerDesignName>
<nullsAllowed>true</nullsAllowed>
<useDomainConstraints>false</useDomainConstraints>
<use>1</use>
<logicalDatatype>LOGDT024</logicalDatatype>
<dataTypeSize>255</dataTypeSize>
<ownDataTypeParameters>255,,</ownDataTypeParameters>
<autoIncrementCycle>false</autoIncrementCycle>
</Column>
<Column name="Consumer_Id" id="32822D6E-F058-7C97-2628-F04D2259FFF7">
<createdBy>Nikos</createdBy>
<createdTime>2018-08-04 16:37:12 UTC</createdTime>
<generatorID>350A0D55-D385-AF57-9653-22A78032D887</generatorID>
<ownerDesignName>lastdb</ownerDesignName>
<useDomainConstraints>false</useDomainConstraints>
<use>1</use>
<logicalDatatype>LOGDT011</logicalDatatype>
<ownDataTypeParameters>,,</ownDataTypeParameters>
<previousColumn>false</previousColumn>
<autoIncrementCycle>false</autoIncrementCycle>
<associations>
<colAssociation fkAssociation="53680BAF-3FD0-6D19-6604-59918A5C6743" referredColumn="BC804BF4-54EA-89E4-A79D-5F6CFEDA3C56"/>
</associations>
</Column>
</columns>
<indexes itemClass="oracle.dbtools.crest.model.design.relational.Index">
<ind_PK_UK id="C8585751-087F-058B-2176-50A5B5181154" name="Feedback_PK">
<createdBy>Nikos</createdBy>
<createdTime>2018-08-04 16:37:12 UTC</createdTime>
<generatorID>37830336-E77B-C3CE-1116-E9F835BF0287</generatorID>
<ownerDesignName>lastdb</ownerDesignName>
<pk>true</pk>
<indexState>Primary Constraint</indexState>
<isSurrogateKey>false</isSurrogateKey>
<indexColumnUsage>
<colUsage columnID="1B142165-5FA3-8BFF-9C09-969968A443E5"/>
</indexColumnUsage>
</ind_PK_UK>
<ind_PK_UK id="D9E3D6FA-D3F9-3B0E-7159-CE9589185D8F" name="Feedback_Consumer_FK">
<createdBy>Nikos</createdBy>
<createdTime>2018-08-04 16:37:13 UTC</createdTime>
<generatorID>1A87CD9E-4E99-129D-E563-8B34B3D05410</generatorID>
<ownerDesignName>lastdb</ownerDesignName>
<indexState>Foreign Key</indexState>
<isSurrogateKey>false</isSurrogateKey>
<indexColumnUsage>
<colUsage columnID="32822D6E-F058-7C97-2628-F04D2259FFF7"/>
</indexColumnUsage>
</ind_PK_UK>
</indexes>
</Table>