<?xml version = '1.0' encoding = 'UTF-8'?>
<Relation class="oracle.dbtools.crest.model.design.logical.Relation" name="Relation_6" directorySegmentName="seg_0" id="1A87CD9E-4E99-129D-E563-8B34B3D05410">
<createdBy>Nikos</createdBy>
<createdTime>2018-07-14 17:42:57 UTC</createdTime>
<ownerDesignName>lastdb</ownerDesignName>
<engineerTo>
<item key="68A96A85-76FF-5045-F9E6-B53510CE38A1" value="true"/>
<item key="A175D81E-EB64-7F2C-80E9-A32AF2113BE7" value="true"/>
</engineerTo>
<sourcePk>BC5650F1-2E42-BF67-45E0-047262A21553</sourcePk>
<identifying>false</identifying>
<optionalSource>true</optionalSource>
<optionalTarget>false</optionalTarget>
<sourceCardinality>1</sourceCardinality>
<sourceEntity>D733DF93-17EA-FBDC-0A81-BD88AAD8FAD5</sourceEntity>
<targetCardinalityString>*</targetCardinalityString>
<targetEntity>92480E7F-4C25-1343-747A-418E59CE692F</targetEntity>
<transferable>true</transferable>
<deleteRule>NO ACTION</deleteRule>
</Relation>