<?xml version = '1.0' encoding = 'UTF-8'?>
<Relation class="oracle.dbtools.crest.model.design.logical.Relation" name="Relation_5" directorySegmentName="seg_0" id="5F4AF3E8-5103-6531-DE05-84E8C62B8EAE">
<createdBy>Nikos</createdBy>
<createdTime>2018-07-13 19:18:29 UTC</createdTime>
<ownerDesignName>lastdb</ownerDesignName>
<engineerTo>
<item key="C79273F0-A85D-495D-C4B3-6B354A9B989B" value="true"/>
</engineerTo>
<sourcePk>7C2B35D2-369E-19F1-8507-44A0B657F8D2</sourcePk>
<identifying>false</identifying>
<optionalSource>true</optionalSource>
<optionalTarget>false</optionalTarget>
<sourceCardinality>1</sourceCardinality>
<sourceEntity>263B1B1B-133E-27CB-1B9A-946F70A5C8D1</sourceEntity>
<targetCardinalityString>*</targetCardinalityString>
<targetEntity>B0268C7B-9734-DDEB-6C57-89DDAE2423DB</targetEntity>
<transferable>true</transferable>
<deleteRule>NO ACTION</deleteRule>
</Relation>