<?xml version = '1.0' encoding = 'UTF-8'?>
<Relation class="oracle.dbtools.crest.model.design.logical.Relation" name="Relation_1" directorySegmentName="seg_0" id="B27BF26B-8793-E791-618D-D8E3B1839A58">
<createdBy>Nikos</createdBy>
<createdTime>2018-07-13 19:07:20 UTC</createdTime>
<ownerDesignName>lastdb</ownerDesignName>
<engineerTo>
<item key="C79273F0-A85D-495D-C4B3-6B354A9B989B" value="true"/>
</engineerTo>
<sourcePk>BC5650F1-2E42-BF67-45E0-047262A21553</sourcePk>
<identifying>false</identifying>
<optionalSource>true</optionalSource>
<optionalTarget>false</optionalTarget>
<sourceCardinality>1</sourceCardinality>
<sourceEntity>D733DF93-17EA-FBDC-0A81-BD88AAD8FAD5</sourceEntity>
<targetCardinalityString>1</targetCardinalityString>
<targetEntity>8BBC52E4-73C6-CEDB-6285-5C5730C21100</targetEntity>
<transferable>true</transferable>
<deleteRule>NO ACTION</deleteRule>
</Relation>