<?xml version = '1.0' encoding = 'UTF-8'?>
<Relation class="oracle.dbtools.crest.model.design.logical.Relation" name="Relation_4" directorySegmentName="seg_0" id="D1558EAF-D34A-EAE5-4738-71B517727F5A">
<createdBy>Nikos</createdBy>
<createdTime>2018-07-13 19:18:01 UTC</createdTime>
<ownerDesignName>lastdb</ownerDesignName>
<engineerTo>
<item key="C79273F0-A85D-495D-C4B3-6B354A9B989B" value="true"/>
</engineerTo>
<sourcePk>9254FA3B-CAA2-B450-EC25-048417A3ACF9</sourcePk>
<identifying>false</identifying>
<optionalSource>true</optionalSource>
<optionalTarget>false</optionalTarget>
<sourceCardinality>1</sourceCardinality>
<sourceEntity>8BBC52E4-73C6-CEDB-6285-5C5730C21100</sourceEntity>
<targetCardinalityString>*</targetCardinalityString>
<targetEntity>B0268C7B-9734-DDEB-6C57-89DDAE2423DB</targetEntity>
<transferable>true</transferable>
<deleteRule>NO ACTION</deleteRule>
</Relation>